{"cameraMode":{"drawMode":0,"name":"Shaded","section":"Shading Mode"},"sceneLighting":false,"audioPlay":false,"sceneViewState":{"showFog":true,"showMaterialUpdate":false,"showSkybox":false,"showFlares":true,"showImageEffects":true,"showParticleSystems":true},"in2DMode":false,"pivot":{"x":1.6476401090621949,"y":-2.53515362739563,"z":1.7730242013931275},"rotation":{"x":0.5483471751213074,"y":-0.015800509601831437,"z":0.01036506425589323,"w":0.836044430732727},"size":36.5249137878418,"orthographic":false}