{"cameraMode":{"drawMode":0,"name":"Shaded","section":"Shading Mode"},"sceneLighting":true,"audioPlay":false,"sceneViewState":{"showFog":true,"showMaterialUpdate":false,"showSkybox":true,"showFlares":true,"showImageEffects":true,"showParticleSystems":true},"in2DMode":false,"pivot":{"x":-8.836341857910157,"y":11.3595552444458,"z":2.401679754257202},"rotation":{"x":0.10541313141584397,"y":-0.6458016037940979,"z":0.09067808091640473,"w":0.7507390379905701},"size":27.41600227355957,"orthographic":false}