{"cameraMode":{"drawMode":0,"name":"Shaded","section":"Shading Mode"},"sceneLighting":true,"audioPlay":false,"sceneViewState":{"showFog":true,"showMaterialUpdate":false,"showSkybox":true,"showFlares":true,"showImageEffects":true,"showParticleSystems":true},"in2DMode":false,"pivot":{"x":-2.6376724243164064,"y":2.864996910095215,"z":7.546564102172852},"rotation":{"x":0.4320982098579407,"y":-0.10323190689086914,"z":0.04986732453107834,"w":0.8945109844207764},"size":22.64983558654785,"orthographic":false}