{"cameraMode":{"drawMode":0,"name":"Shaded","section":"Shading Mode"},"sceneLighting":false,"audioPlay":false,"sceneViewState":{"showFog":true,"showMaterialUpdate":false,"showSkybox":false,"showFlares":true,"showImageEffects":true,"showParticleSystems":true},"in2DMode":false,"pivot":{"x":0.0004115104675292969,"y":0.041432030498981479,"z":0.0},"rotation":{"x":0.29263541102409365,"y":-0.010898258537054062,"z":0.003337234491482377,"w":0.9561622738838196},"size":23.337440490722658,"orthographic":false}