{"cameraMode":{"drawMode":0,"name":"Shaded","section":"Shading Mode"},"sceneLighting":false,"audioPlay":false,"sceneViewState":{"showFog":true,"showMaterialUpdate":false,"showSkybox":false,"showFlares":true,"showImageEffects":true,"showParticleSystems":true},"in2DMode":false,"pivot":{"x":-4.385851860046387,"y":-14.35323715209961,"z":-4.211362838745117},"rotation":{"x":0.6688113808631897,"y":-0.05402644723653793,"z":0.04884617030620575,"w":0.739865779876709},"size":20.064550399780275,"orthographic":false}