{"cameraMode":{"drawMode":0,"name":"Shaded","section":"Shading Mode"},"sceneLighting":false,"audioPlay":false,"sceneViewState":{"showFog":true,"showMaterialUpdate":false,"showSkybox":false,"showFlares":true,"showImageEffects":true,"showParticleSystems":true},"in2DMode":false,"pivot":{"x":-8.2838716506958,"y":9.612236976623536,"z":-9.456609725952149},"rotation":{"x":0.5157590508460999,"y":0.22224681079387666,"z":-0.1405772566795349,"w":0.8153830766677856},"size":23.33745574951172,"orthographic":false}